phase	step	pos	input_id	chosen_id	best_id	best_logit	top_ids	top_logits
prompt	0	0	44883	44883	728	15.7379	728,264,279,449,1010,220,411,424	15.7379,13.2777,11.9828,11.4203,10.8876,10.7912,10.3877,10.1757
gen	0	1	44883	198	198	11.0339	198,728,271,220,264,279,13362,369	11.0339,9.87128,9.62554,8.68399,8.56532,7.96417,7.44372,7.43651
